Date,IPO_Name,Issue_Size(crores),QIB,HNI,RII,Issue_price,Listing_Open,Listing_Close,Listing_Gains(%),CMP,Current_gains,Issue_Size_Cr,Listing_Gain_%
2022-02-16,Vedant Fashions,3149.0,7.49,1.07,0.39,866.0,950.0,934.85,7.95,906.75,4.71,3149.0,9.699769053117784
2022-08-02,Adani Wilmar,3600.0,5.73,56.3,3.92,230.0,274.0,265.2,15.3,354.35,54.07,3600.0,19.130434782608695
2022-01-31,AGS Transact,716.87,2.68,25.61,3.08,175.0,176.0,161.3,-7.83,125.1,-28.51,716.87,0.5714285714285714
2021-12-31,CMS Info System,1100.0,1.98,1.45,2.15,216.0,242.95,237.4,9.91,245.45,13.63,1100.0,12.476851851851846
2021-12-28,Supriya Lifesci,700.0,31.83,161.22,56.01,274.0,425.0,390.35,42.46,410.95,49.98,700.0,55.1094890510949
2021-12-27,HP Adhesives,125.96,1.82,19.04,81.24,274.0,319.0,334.95,22.24,373.0,36.13,125.96,16.423357664233578
2021-12-24,Data Patterns,601.2,190.86,254.22,23.14,585.0,864.0,754.85,29.03,649.7,11.06,601.2,47.69230769230769
2021-12-22,Metro Brands,1376.63,8.49,3.02,1.13,500.0,436.0,493.55,-1.29,553.35,10.67,1376.63,-12.8
2021-12-21,C. E. Info Syst,1039.61,196.36,424.69,15.2,1033.0,1581.0,1394.55,35.0,1434.45,38.86,1039.61,53.04937076476283
2021-12-20,Shriram Prop,600.0,1.85,4.82,12.72,118.0,94.0,99.4,-15.76,88.3,-25.17,600.0,-20.33898305084746
2021-12-17,Rategain Travel,1354.0,8.42,42.04,8.08,425.0,364.8,340.5,-19.88,355.75,-16.29,1354.0,-14.164705882352937
2021-12-14,Anand Rathi,660.0,2.5,25.42,7.76,550.0,584.45,583.5,6.09,566.85,3.06,660.0,6.263636363636371
2021-12-13,Tega Industries,619.23,215.45,666.19,29.44,453.0,753.0,725.5,60.15,474.65,4.78,619.23,66.22516556291392
2021-10-12,Star Health,7318.15,1.03,0.19,1.1,900.0,903.0,906.85,0.76,728.05,-19.11,7318.15,0.33333333333333337
2021-11-26,Tarsons Product,1030.22,1.06,3.4,2.49,662.0,700.0,840.0,26.89,654.05,-1.2,1030.22,5.740181268882175
2021-11-23,Latent View,622.11,145.48,850.66,119.44,197.0,530.0,488.6,148.02,476.9,142.08,622.11,169.03553299492387
2021-11-18,Sapphire Foods,2073.0,3.11,2.34,5.25,1180.0,1311.0,1216.05,3.06,1418.8,20.24,2073.0,11.101694915254237
2021-11-18,One 97 Paytm,18915.9,2.79,0.24,1.66,2150.0,1955.0,1564.15,-27.25,833.55,-61.23,18915.9,-9.069767441860465
2021-11-15,PB Fintech,6273.5,9.83,2.58,1.67,980.0,1444.0,1202.9,22.74,751.5,-23.32,6273.5,47.3469387755102
2021-11-15,SJS Enterprises,816.57,1.42,2.32,1.38,542.0,514.0,509.85,-5.93,389.35,-28.16,816.57,-5.166051660516605
2021-11-15,Sigachi Ind,0.0,42.15,78.82,41.26,163.0,575.0,603.75,270.4,319.7,96.13,0.0,252.76073619631902
2021-12-11,Fino Payments,1209.0,1.65,0.21,5.92,577.0,548.0,545.25,-5.5,310.15,-46.25,1209.0,-5.025996533795494
2021-10-11,FSN E-Co Nykaa,5375.0,91.18,112.02,12.24,1125.0,2001.0,2206.7,96.15,1399.25,24.38,5375.0,77.86666666666666
2021-11-10,ABSL AMC,2768.0,4.1,2.6,1.68,712.0,697.5,699.65,-1.73,509.2,-28.48,2768.0,-2.0365168539325844
2021-01-10,Paras Defence,181.13,90.48,435.14,61.42,175.0,475.0,498.75,185.0,654.55,274.03,181.13,171.42857142857142
2021-09-24,Sansera Eng,1282.0,26.47,11.37,3.15,744.0,845.05,818.7,10.04,659.9,-11.3,1282.0,13.581989247311821
2021-09-14,Vijaya Diagnost,1895.04,13.07,1.32,1.09,531.0,542.3,619.3,16.63,434.4,-18.19,1895.04,2.1280602636534756
2021-09-14,AMI Organics,571.96,86.64,154.81,13.36,610.0,902.0,934.55,53.2,912.6,49.61,571.96,47.868852459016395
2021-06-09,APTUS VALUE,2790.0,32.41,33.91,1.35,353.0,360.0,374.05,5.96,355.2,0.62,2790.0,1.9830028328611897
2021-08-24,CHEMPLAST SANMA,3929.91,2.7,1.03,2.29,541.0,570.0,534.9,-1.13,524.0,-3.14,3929.91,5.360443622920517
2021-08-23,Nuvoco Vistas,5089.29,0.1,0.02,0.24,570.0,471.0,531.3,-6.79,383.25,-32.76,5089.29,-17.36842105263158
2021-08-20,CarTrade Tech,2998.0,0.55,0.09,0.81,1618.0,1600.0,1500.1,-7.29,587.8,-63.67,2998.0,-1.1124845488257107
2021-08-16,Windlas Biotech,405.95,24.4,15.73,24.27,460.0,439.0,406.7,-11.59,262.8,-42.87,405.95,-4.565217391304348
2021-08-16,Devyani Int,1858.0,95.27,213.06,39.52,90.0,141.0,123.35,37.06,166.1,84.56,1858.0,56.666666666666664
2021-08-16,Exxaro Tiles,161.09,17.67,5.36,40.1,120.0,126.0,132.25,10.21,127.7,6.42,161.09,5.0
2021-08-16,Krsnaa Diagnost,1222.0,49.83,116.3,42.04,954.0,1025.0,990.75,3.85,600.5,-37.05,1222.0,7.4423480083857445
2021-09-08,Rolex Rings,732.27,143.58,360.11,24.49,900.0,1249.0,1166.55,29.62,1225.25,36.14,732.27,38.77777777777778
2021-06-08,Glenmark Life,1513.0,0.98,0.87,4.61,720.0,752.0,748.2,3.92,523.0,-27.36,1513.0,4.444444444444445
2021-07-29,Tatva Chintan,500.0,2.55,9.78,13.36,1083.0,2111.8,2310.25,113.32,2323.0,114.5,500.0,94.9953831948292
2021-07-23,Zomato,9375.0,51.79,32.96,7.45,76.0,115.0,125.85,65.59,86.0,13.16,9375.0,51.31578947368421
2021-07-19,G R Infra,963.28,93.18,73.01,4.89,837.0,1700.0,1746.8,108.7,1507.55,80.11,963.28,103.10633213859019
2021-07-19,Clean Science,1546.0,156.37,206.43,9.0,900.0,1784.4,1585.2,76.13,2010.0,123.33,1546.0,98.26666666666668
2021-07-07,India Pesticide,800.0,2.64,1.36,4.4,296.0,360.0,335.45,13.33,305.6,3.24,800.0,21.62162162162162
2021-05-07,Krishna Inst.,2146.0,5.26,1.89,2.9,825.0,1009.0,1096.8,32.95,1309.6,58.74,2146.0,22.3030303030303
2021-06-28,Dodla Dairy,521.0,84.88,73.26,11.34,428.0,550.0,609.1,42.31,475.0,10.98,521.0,28.504672897196258
2021-06-24,Shyam Metalics,909.0,62.18,172.51,5.29,306.0,380.0,375.85,22.83,323.35,5.67,909.0,24.18300653594771
2021-06-24,Sona BLW,5550.0,1.57,0.22,0.66,291.0,302.4,362.85,24.69,655.0,125.09,5550.0,3.9175257731958686
2021-05-14,PowerGrid InvIT,7734.99,0.0,0.0,0.0,100.0,104.0,102.98,2.98,130.0,30.0,7734.99,4.0
2021-04-19,Macrotech Dev,2500.0,3.05,1.44,0.4,486.0,439.0,463.15,-4.7,1271.45,161.62,2500.0,-9.670781893004115
2021-07-04,Barbeque Nat,453.6,0.0,0.0,0.0,500.0,492.0,590.4,18.08,1343.0,168.6,453.6,-1.6
2021-03-30,Nazara,582.91,52.82,148.42,34.49,1101.0,1971.0,1576.8,43.22,1965.95,78.56,582.91,79.01907356948229
2021-03-26,Suryoday Small,582.34,2.18,1.31,3.09,305.0,274.75,276.2,-9.44,127.05,-58.34,582.34,-9.918032786885247
2021-03-26,Kalyan Jeweller,1175.0,1.18,0.97,1.47,87.0,73.9,75.3,-13.45,62.25,-28.45,1175.0,-15.057471264367809
2021-03-25,Laxmi Organic,600.0,1.13,0.73,4.41,130.0,173.0,164.6,26.62,427.75,229.04,600.0,33.07692307692307
2021-03-25,Craftsman,823.7,0.56,0.05,1.04,1490.0,1440.0,1433.0,-3.83,2083.4,39.83,823.7,-3.3557046979865772
2021-03-24,Anupam Rasayan,760.0,30.8,62.06,4.62,555.0,534.7,525.9,-5.24,916.4,65.12,760.0,-3.6576576576576496
2021-03-19,Easy Trip,510.0,0.0,2.79,14.48,187.0,182.0,208.3,11.39,570.0,204.81,510.0,-2.6737967914438503
2021-03-15,MTAR Tech,596.41,52.01,522.35,12.78,575.0,990.05,1082.25,88.22,1900.5,230.52,596.41,72.18260869565216
2021-05-03,Heranba,60.0,25.98,108.72,4.82,627.0,900.0,812.25,29.55,644.9,2.85,60.0,43.54066985645933
2021-02-26,Railtel,819.24,22.03,51.4,7.08,94.0,109.0,121.4,29.15,103.15,9.73,819.24,15.957446808510639
2021-02-25,Nureca,100.0,0.24,17.1,74.29,400.0,634.95,666.65,66.66,1483.75,270.94,100.0,58.73750000000001
2021-05-02,Stove Kraft,412.63,8.02,32.72,26.04,385.0,498.0,445.95,15.83,669.85,73.99,412.63,29.35064935064935
2021-03-02,Home First,1153.72,52.53,39.0,6.59,518.0,612.15,527.4,1.81,718.1,38.63,1153.72,18.17567567567567
2021-02-02,Indigo Paints,1170.56,96.21,115.76,6.5,1490.0,2607.5,3118.65,109.31,1772.0,18.93,1170.56,75.0
2021-01-29,IRFC,4633.0,0.89,0.52,1.59,26.0,25.0,24.85,-4.42,22.25,-14.42,4633.0,-3.8461538461538463
2021-01-01,Antony Waste,300.53,0.64,0.28,7.22,315.0,430.0,407.25,29.29,292.0,-7.3,300.53,36.507936507936506
2020-12-24,Bectors Food,540.54,176.85,620.86,29.33,288.0,501.0,595.55,106.79,338.5,17.53,540.54,73.95833333333334
2020-12-14,Restaurant Bran,796.5,86.64,354.11,68.15,60.0,115.35,138.4,130.67,127.65,112.75,796.5,92.24999999999999
2020-11-20,Gland,6479.55,6.4,0.51,0.24,1500.0,1710.0,1820.45,21.36,3219.6,114.64,6479.55,14.000000000000002
2020-02-11,Equitas Bank,517.6,3.91,0.22,2.08,33.0,31.0,32.75,-0.76,53.45,61.97,517.6,-6.0606060606060606
2020-12-10,UTI AMC,2159.88,3.34,0.93,2.32,554.0,476.2,476.6,-13.97,825.55,49.02,2159.88,-14.043321299638992
2020-12-10,Mazagon Dock,443.69,89.71,678.88,35.63,145.0,216.25,173.0,19.31,253.0,74.48,443.69,49.137931034482754
2020-05-10,Angel One,600.0,5.74,0.69,4.31,306.0,275.0,275.85,-9.85,1297.45,324.0,600.0,-10.130718954248366
2020-01-10,CAMS,2244.33,73.18,111.85,5.55,1230.0,1535.0,1401.6,13.95,2443.5,98.66,2244.33,24.796747967479675
2020-01-10,Chemcon Special,318.0,113.54,449.14,41.21,340.0,731.0,584.8,72.0,316.35,-6.96,318.0,114.99999999999999
2020-09-21,Route,600.0,89.76,192.81,12.67,350.0,708.0,651.1,86.03,1520.0,334.29,600.0,102.28571428571429
2020-09-17,Happiest Minds ,702.02,77.43,351.46,70.94,166.0,351.0,371.0,123.49,1042.05,527.74,702.02,111.44578313253012
2020-07-23,Rossari,496.25,2.75,4.34,2.51,425.0,670.0,742.35,74.67,1036.0,143.76,496.25,57.647058823529406
2020-03-16,SBI Card,10286.2,57.18,45.23,2.5,755.0,658.0,683.2,-9.51,826.9,9.52,10286.2,-12.847682119205297
2019-12-30,Prince Pipes,500.0,3.54,1.21,1.89,178.0,160.0,166.6,-6.4,670.5,276.69,500.0,-10.112359550561797
2019-12-12,Ujjivan Small,750.0,110.72,473.0,49.09,37.0,58.75,55.9,51.08,17.9,-51.62,750.0,58.78378378378378
2019-04-12,CSB Bank,409.68,38.85,45.49,9.01,195.0,275.0,300.1,53.9,234.1,20.05,409.68,41.02564102564102
2019-10-14,IRCTC,635.04,108.79,354.52,14.94,320.0,644.0,145.72,-54.46,816.3,155.09,635.04,101.25
2019-08-20,Sterling Wilson,3125.0,1.02,0.89,0.3,780.0,700.0,725.35,-7.01,347.3,-55.47,3125.0,-10.256410256410255
2019-04-07,Indiamart Inter,474.12,30.83,62.13,14.07,973.0,1180.0,1302.55,33.87,4836.3,397.05,474.12,21.274409044193217
2019-04-15,Metropolis,1200.18,8.88,3.03,2.21,880.0,960.0,959.55,9.04,2000.05,127.28,1200.18,9.090909090909092
2019-11-04,Rail Vikas,430.88,1.36,0.8,2.92,19.0,19.0,19.05,0.26,33.15,74.47,430.88,0.0
2019-01-04,Embassy Office,4750.0,2.15,3.09,0.31,300.0,300.0,314.1,4.7,381.46,27.15,4750.0,0.0
2019-03-29,MSTC,213.81,1.13,2.15,2.95,128.0,111.0,114.2,-10.78,341.85,167.07,213.81,-13.28125
2019-07-02,Chalet Hotels,1628.84,4.66,1.1,0.03,280.0,291.0,290.4,3.71,252.0,-10.0,1628.84,3.9285714285714284
2019-04-02,Xelpmoc Design ,23.0,1.24,7.69,2.64,66.0,56.0,58.8,-10.91,306.65,364.62,23.0,-15.151515151515152
2018-08-10,AAVAS Financier,1729.2,2.77,0.26,0.25,821.0,758.0,773.15,-5.83,3065.4,273.37,1729.2,-7.673568818514006
2018-08-23,CreditAccess Gr,1126.44,5.52,0.98,0.88,422.0,393.0,420.8,-0.28,703.15,66.62,1126.44,-6.872037914691943
2018-07-30,TCNS Clothing C,1121.98,13.47,5.08,0.67,716.0,715.0,657.8,-8.13,678.0,-5.31,1121.98,-0.13966480446927373
2018-02-07,RITES,453.6,71.72,194.56,15.74,185.0,190.0,170.16,-8.02,250.7,35.51,453.6,2.7027027027027026
2018-02-07,Fine Organics,597.87,12.86,21.01,1.62,783.0,815.0,822.8,5.08,3960.0,405.75,597.87,4.086845466155811
2018-05-21,Indostar Capita,1844.0,16.08,6.91,1.48,572.0,600.6,585.5,2.36,240.5,-57.95,1844.0,5.0000000000000036
2018-05-04,ICICI Securitie,4016.0,0.54,0.05,0.39,520.0,435.0,444.9,-14.44,695.35,33.72,4016.0,-16.346153846153847
2018-03-28,Hindustan Aeron,4229.0,1.73,0.03,0.39,1215.0,1159.0,1128.35,-7.13,1348.2,10.96,4229.0,-4.609053497942387
2018-03-27,Bandhan Bank,4473.0,38.67,13.89,1.2,375.0,485.0,477.2,27.25,319.1,-14.91,4473.0,29.333333333333332
2018-03-23,Bharat Dynamics,960.94,1.5,0.5,1.41,428.0,360.0,390.7,-8.71,470.2,9.86,960.94,-15.887850467289718
2018-09-03,HG Infra Engg,457.7,8.37,4.97,3.08,270.0,270.0,270.05,0.02,610.1,125.96,457.7,0.0
2018-02-26,Aster DM Health,980.14,2.1,0.55,1.18,190.0,182.0,179.85,-5.34,189.4,-0.32,980.14,-4.2105263157894735
2018-08-02,Galaxy Surfacta,937.09,54.67,6.96,6.0,1480.0,1525.0,1698.1,14.74,2964.95,100.33,937.09,3.040540540540541
2018-01-30,Amber Enterpris,600.0,174.99,519.26,11.65,859.0,1175.0,1237.25,44.03,3351.0,290.1,600.0,36.78696158323632
2018-01-29,Newgen Software,424.62,15.62,5.52,5.18,245.0,256.0,253.0,3.27,553.25,125.82,424.62,4.489795918367347
2018-01-22,Apollo Micro Sy,156.0,101.93,958.07,40.19,275.0,478.0,454.1,65.13,122.5,-55.45,156.0,73.81818181818181
2017-12-29,Astron Paper & ,70.0,103.35,396.99,77.93,50.0,120.75,119.7,139.4,44.55,-10.9,70.0,141.5
2017-12-18,Future Supply,649.69,12.36,11.15,3.28,664.0,674.0,685.8,3.28,65.8,-90.09,649.69,1.5060240963855422
2017-12-15,Shalby ,504.8,4.34,0.42,2.98,248.0,237.0,239.25,-3.53,135.05,-45.54,504.8,-4.435483870967742
2017-11-17,HDFC Life,8695.01,16.6,2.29,0.9,290.0,313.0,344.25,18.71,590.85,103.74,8695.01,7.931034482758621
2017-11-14,Khadim India,493.06,2.45,0.18,2.34,750.0,727.0,688.5,-8.2,259.55,-65.39,493.06,-3.0666666666666664
2017-10-11,Mahindra Logist,829.36,15.61,2.07,6.11,429.0,425.0,429.15,0.03,421.8,-1.68,829.36,-0.9324009324009324
2017-06-11,Nippon,1542.0,118.41,209.44,5.23,252.0,289.0,284.0,12.7,313.4,24.37,1542.0,14.682539682539684
2017-10-25,General Insuran,11372.0,2.25,0.22,0.63,912.0,870.4,435.2,-52.28,129.05,-85.85,11372.0,-4.5614035087719325
2017-10-23,IEX,1000.7,2.56,0.85,2.61,1650.0,1500.0,54.22,-96.71,217.5,-86.82,1000.7,-9.090909090909092
2017-10-16,Godrej Agrovet,1157.31,150.96,236.04,7.67,460.0,615.0,595.55,29.47,489.5,6.41,1157.31,33.69565217391305
2017-05-10,Prataap Snacks ,481.94,76.89,101.15,7.62,938.0,1250.0,1178.3,25.62,743.5,-20.74,481.94,33.26226012793177
2017-03-10,SBI Life Insura,8400.0,12.56,0.7,0.81,700.0,735.0,708.0,1.14,1147.0,63.86,8400.0,5.0
2017-09-27,ICICI Lombard ,5700.94,8.93,0.83,1.23,661.0,651.0,681.55,3.11,1283.25,94.14,5700.94,-1.5128593040847202
2017-09-25,Capacite Infra,400.0,131.32,638.05,17.57,250.0,360.0,342.4,36.96,139.25,-44.3,400.0,44.0
2017-09-21,Matrimony.com,501.07,1.88,0.41,18.16,985.0,985.0,901.2,-8.51,758.0,-23.05,501.07,0.0
2017-09-18,Bharat Road Net,600.65,1.33,1.63,5.16,205.0,205.0,208.15,1.54,38.9,-81.02,600.65,0.0
2017-09-18,Dixon Technolog,599.28,134.66,345.62,9.46,1766.0,2725.0,578.56,-67.24,4067.0,130.29,599.28,54.303510758776895
2017-04-09,Apex Frozen,152.25,1.91,7.82,8.53,175.0,202.0,209.85,19.91,291.75,66.71,152.25,15.428571428571427
2017-11-08,Cochin Shipyard,1454.0,63.51,288.87,8.12,432.0,461.0,522.0,20.83,313.2,-27.5,1454.0,6.712962962962964
2017-10-08,SIS,362.25,5.64,1.65,18.67,815.0,875.0,378.35,-53.58,502.05,-38.4,362.25,7.361963190184049
2017-07-25,Salasar Techno ,35.87,0.0,487.18,58.59,108.0,259.45,272.1,151.94,215.75,99.77,35.87,140.23148148148147
2017-10-07,AU Small Financ,1912.51,78.77,143.51,3.52,358.0,544.0,541.2,51.17,1262.8,252.74,1912.51,51.955307262569825
2017-04-07,GTPL Hathway,484.8,1.48,2.48,0.99,170.0,170.0,171.65,0.97,210.95,24.09,484.8,0.0
2017-06-30,CDSL,523.99,148.71,563.03,23.83,149.0,250.0,261.6,75.57,1468.1,885.3,523.99,67.78523489932886
2017-06-29,Eris Life,1741.1,4.68,0.45,3.51,603.0,612.0,601.05,-0.32,709.75,17.7,1741.1,1.4925373134328357
2017-06-27,Tejas Networks,326.69,2.16,0.48,3.1,257.0,257.7,263.3,2.45,445.0,73.15,326.69,0.2723735408560267
2017-06-06,IndiGrid InvIT ,2250.0,1.14,1.6,0.0,100.0,99.7,95.08,-4.92,150.03,50.03,2250.0,-0.29999999999999716
2017-05-29,PSP Projects,211.68,8.38,10.39,6.47,210.0,195.0,208.95,-0.5,536.15,155.31,211.68,-7.142857142857142
2017-05-19,HUDCO,1224.0,55.45,330.36,10.79,58.0,76.5,72.5,25.0,36.1,-37.76,1224.0,31.896551724137932
2017-09-05,S Chand and Co,325.0,44.27,204.65,6.07,670.0,675.85,675.85,0.87,109.2,-83.7,325.0,0.8731343283582124
2017-05-04,Shankara Buildi,232.96,51.62,90.68,15.35,460.0,545.0,632.8,37.57,707.6,53.83,232.96,18.478260869565215
2017-03-31,CL Educate,238.95,3.65,0.21,1.63,500.0,398.0,208.95,-58.21,125.05,-74.99,238.95,-20.4
2017-03-21,Avenue Supermar,1870.0,144.61,277.74,7.3,299.0,604.0,640.75,114.3,4070.7,1261.44,1870.0,102.0066889632107
2017-03-17,Music Broadcast,488.53,39.78,109.13,9.85,333.0,413.0,59.7,-82.07,24.0,-92.79,488.53,24.024024024024023
2017-03-02,BSE Limited,1243.0,48.64,159.03,6.48,806.0,1085.0,1069.2,32.66,2262.8,180.74,1243.0,34.61538461538461
2016-12-19,Laurus Labs,560.7,10.54,3.57,1.58,428.0,489.9,96.1,-77.55,551.9,28.95,560.7,14.462616822429903
2016-09-12,Sheela Foam,178.5,14.51,3.35,0.44,730.0,860.0,1032.0,41.37,3264.3,347.16,178.5,17.80821917808219
2016-08-11,Varun Beverages,1114.0,4.94,0.42,0.82,445.0,430.0,205.29,-53.87,952.7,114.09,1114.0,-3.3707865168539324
2016-07-11,PNB Housing Fin,3000.0,37.33,86.17,1.32,775.0,860.0,890.6,14.92,450.05,-41.93,3000.0,10.967741935483872
2016-10-19,Endurance Techn,1161.0,1.7,0.13,0.82,472.0,572.0,647.7,37.22,1385.8,193.6,1161.0,21.1864406779661
2016-04-10,HPL Electric & ,361.0,5.77,22.2,3.31,202.0,190.0,189.05,-6.41,67.65,-66.51,361.0,-5.9405940594059405
2016-09-29,ICICI Prudentia,6057.0,11.83,28.55,1.42,334.0,329.0,297.65,-10.88,525.15,57.23,6057.0,-1.4970059880239521
2016-09-27,GNA Axles,130.41,17.18,217.47,11.84,207.0,252.0,233.45,12.78,506.9,144.88,130.41,21.73913043478261
2016-09-23,L&T Technology,900.0,5.01,1.03,1.74,860.0,900.0,865.1,0.59,4462.0,418.84,900.0,4.651162790697675
2016-08-31,RBL Bank,1100.0,85.08,198.06,5.7,225.0,274.4,299.3,33.02,140.0,-37.78,1100.0,21.955555555555545
2016-12-08,S P Apparels,215.0,1.0,0.45,0.54,268.0,275.0,295.0,10.07,415.25,54.94,215.0,2.6119402985074625
2016-11-08,Dilip Buildcon,430.0,0.0,0.0,0.0,219.0,240.0,251.95,15.05,294.15,34.32,430.0,9.58904109589041
2016-01-08,Advanced Enzyme,60.0,94.03,393.1,11.67,896.0,1210.0,235.66,-73.7,297.0,-66.85,60.0,35.044642857142854
2016-07-21,L&T Infotech,1242.0,19.91,10.76,7.39,710.0,667.0,697.65,-1.74,5870.0,726.76,1242.0,-6.056338028169014
2016-12-07,Quess Corp,400.0,59.02,392.21,31.23,317.0,500.0,503.0,58.68,650.2,105.11,400.0,57.72870662460568
2016-01-07,Mahanagar Gas,1039.64,72.84,191.61,6.82,421.0,540.0,519.9,23.49,768.7,82.59,1039.64,28.26603325415677
2016-05-19,Parag Milk Food,764.3,1.15,3.08,2.12,215.0,230.0,247.8,15.26,105.6,-50.88,764.3,6.976744186046512
2016-10-05,Ujjivan Financi,358.16,33.84,135.45,4.02,210.0,231.9,231.6,10.29,113.3,-46.05,358.16,10.42857142857143
2016-09-05,Thyrocare Techn,479.21,73.18,225.3,8.73,446.0,662.0,618.1,38.59,891.75,99.94,479.21,48.4304932735426
2016-04-21,Equitas Holding,2159.0,14.93,57.29,1.4,110.0,145.1,135.25,22.95,112.0,1.82,2159.0,31.909090909090903
2016-01-04,Bharat Wire Rop,70.0,1.01,2.02,2.08,45.0,47.25,45.4,0.89,76.55,70.11,70.0,5.0
2016-02-18,Quick Heal Tech,450.0,4.34,36.69,3.82,321.0,305.0,254.45,-20.73,196.0,-38.94,450.0,-4.984423676012461
2016-12-02,TeamLease Ser.,273.68,26.97,185.24,10.61,850.0,860.0,1021.95,20.23,3987.85,369.16,273.68,1.1764705882352942
2016-08-02,Precision Camsh,410.0,2.62,0.73,2.01,186.0,165.0,177.25,-4.7,144.85,-22.12,410.0,-11.29032258064516
2016-06-01,Narayana Hruda,613.0,0.01,0.01,0.13,250.0,291.0,336.7,34.68,653.0,161.2,613.0,16.400000000000002
2015-12-23,Alkem Lab,1349.6,57.19,129.96,3.17,1050.0,1380.0,1381.45,31.57,3335.9,217.7,1349.6,31.428571428571427
2015-12-23,Dr Lal PathLab,638.0,63.56,61.28,4.24,550.0,717.0,824.15,49.85,2735.0,397.27,638.0,30.363636363636363
2015-11-16,S H Kelkar,200.0,0.0,0.0,0.0,180.0,216.0,207.3,15.17,149.2,-17.11,200.0,20.0
2015-10-11,Interglobe Avi,3000.0,17.8,3.57,0.92,765.0,868.0,878.45,14.83,2120.3,177.16,3000.0,13.4640522875817
2015-02-11,Coffee Day,1150.0,4.39,0.54,0.9,328.0,313.0,270.15,-17.64,61.95,-81.11,1150.0,-4.573170731707317
2015-09-21,Prabhat Dairy,300.0,0.88,1.42,0.34,115.0,113.0,116.35,1.17,99.65,-13.35,300.0,-1.7391304347826086
2015-09-16,Sadbhav Infra,425.0,3.04,1.66,1.69,103.0,111.0,106.15,3.06,12.66,-87.71,425.0,7.766990291262135
2015-10-09,Pennar Eng,156.19,0.0,0.04,0.11,178.0,177.95,157.5,-11.52,63.85,-64.13,156.19,-0.028089887640455828
2015-10-09,Shree Pushkar,70.0,0.97,2.09,1.54,65.0,60.05,63.0,-3.08,235.6,262.46,70.0,-7.615384615384619
2015-09-09,Navkar Corp,600.0,6.47,0.9,1.62,155.0,152.0,166.4,7.35,35.75,-76.94,600.0,-1.935483870967742
2015-08-26,Power Mech,273.22,27.53,133.22,3.42,640.0,600.0,585.75,-8.48,901.1,40.8,273.22,-6.25
2015-11-08,Syngene Intl,550.0,51.47,90.24,4.78,250.0,295.0,155.2,-37.92,565.0,126.0,550.0,18.0
2015-09-07,Manpasand Bever,400.0,1.99,0.38,1.16,320.0,291.0,163.43,-48.93,6.14,-98.08,400.0,-9.0625
2015-05-26,PNC Infratech,488.0,4.51,0.65,0.28,378.0,381.0,72.04,-80.94,274.45,-27.39,488.0,0.7936507936507936
2015-05-14,UFO Moviez,600.0,4.49,1.17,1.02,625.0,600.0,598.8,-4.19,97.3,-84.43,600.0,-4.0
2015-06-05,MEP Infra,324.0,1.02,1.51,0.97,63.0,63.0,60.95,-3.25,23.9,-62.06,324.0,0.0
2015-04-30,VRL Logistics,473.88,58.22,250.86,7.92,205.0,288.0,293.3,43.07,473.55,131.0,473.88,40.487804878048784
2015-09-04,Inox Wind,700.0,35.68,35.38,2.15,325.0,400.0,438.0,34.77,119.1,-63.35,700.0,23.076923076923077
2015-06-04,Imagicaaworld,467.0,1.17,0.49,1.37,180.0,167.95,191.25,6.25,13.58,-92.46,467.0,-6.69444444444445
2015-03-19,Ortel Comm,240.0,1.01,0.09,0.39,181.0,181.0,171.95,-5.0,1.72,-99.05,240.0,0.0
2014-12-19,Monte Carlo,342.28,13.96,1.71,6.96,645.0,585.0,566.4,-12.19,529.0,-17.98,342.28,-9.30232558139535
2014-01-10,Shemaroo Ent,120.0,5.69,8.64,7.79,170.0,180.0,171.0,0.59,122.45,-27.97,120.0,5.88235294117647
2014-09-23,Sharda Crop,352.0,32.06,251.35,5.85,156.0,254.1,231.45,48.37,559.6,258.72,352.0,62.88461538461539
2014-12-09,Snowman Logist,197.4,16.98,221.79,41.26,47.0,75.0,78.75,67.55,36.2,-22.98,197.4,59.57446808510638
2014-09-05,Wonderla,181.25,16.71,159.04,7.56,125.0,164.75,157.6,26.08,223.1,78.48,181.25,31.8
2013-05-06,Just Dial,950.0,10.12,22.34,3.53,530.0,590.0,611.45,15.37,804.05,51.71,950.0,11.320754716981133
2013-01-04,Repco Home,270.38,3.39,0.35,0.51,172.0,159.95,160.85,-6.48,232.6,35.23,270.38,-7.005813953488378
2012-12-28,INDUS TOWERS,4533.6,2.84,0.1,0.06,220.0,200.0,191.2,-13.09,253.0,15.0,4533.6,-9.090909090909092
2012-12-27,PC Jeweller,609.3,7.33,18.12,1.68,135.0,137.0,74.5,-44.81,22.1,-83.63,609.3,1.4814814814814816
2012-12-26,CARE Ratings,539.98,45.8,110.96,6.18,750.0,940.0,923.95,23.19,526.0,-29.87,539.98,25.333333333333336
2012-06-12,Tara Jewels,0.0,1.49,3.1,2.05,230.0,242.0,229.95,-0.02,0.76,-99.67,0.0,5.217391304347826
2012-07-18,VKS Projects,55.0,1.15,0.38,1.13,55.0,55.8,1.57,-97.15,0.04,-99.93,55.0,1.4545454545454493
2012-05-30,Speciality Rest,181.96,4.68,2.19,0.55,150.0,153.0,160.65,7.1,146.75,-2.17,181.96,2.0
2012-09-05,Tribhovandas,210.0,1.29,1.91,0.68,120.0,115.0,111.2,-7.33,70.7,-41.08,210.0,-4.166666666666666
2012-12-04,MT Educare,99.0,6.01,8.0,2.17,80.0,86.05,90.35,12.94,9.88,-87.65,99.0,7.562499999999997
2012-12-04,NBCC (India),127.2,7.07,1.7,3.4,106.0,100.0,6.47,-93.9,41.25,-61.08,127.2,-5.660377358490567
2012-03-28,Olympic Cards,25.0,0.0,3.43,1.36,30.0,29.95,28.5,-5.0,4.24,-85.87,25.0,-0.16666666666666904
2012-09-03,MCX India,663.31,49.12,150.35,24.14,1032.0,1387.0,1297.05,25.68,1402.35,35.89,663.31,34.39922480620155
2011-02-11,Indo Thai Secu,33.6,0.0,0.02,3.31,74.0,76.0,23.0,-68.92,304.0,310.81,33.6,2.7027027027027026
2011-10-24,Vaswani Ind,49.0,0.16,11.29,6.82,49.0,33.45,17.75,-63.78,22.2,-54.69,49.0,-31.734693877551013
2011-10-20,Ujaas Energy,93.0,1.03,1.56,2.35,186.0,180.0,31.76,-82.92,4.75,-97.45,93.0,-3.225806451612903
2011-10-19,Taksheel Solut,82.5,0.24,4.7,6.18,150.0,157.4,58.15,-61.23,3.85,-97.43,82.5,4.933333333333337
2011-10-19,Flexituff Ventu,104.63,0.51,1.55,1.55,155.0,155.0,166.4,7.35,27.5,-82.26,104.63,0.0
2011-10-17,Onelife Capital,36.85,1.02,0.93,2.32,110.0,115.0,145.9,32.64,14.3,-87.0,36.85,4.545454545454546
2011-04-10,Setubandhan Inf,60.0,0.31,2.76,4.68,138.0,145.0,22.95,-83.37,3.24,-97.65,60.0,5.072463768115942
2011-09-26,PG Electroplast,120.65,0.98,1.84,1.64,210.0,200.0,411.65,96.02,644.0,206.67,120.65,-4.761904761904762
2011-09-16,SRS,227.5,0.74,5.0,0.29,58.0,55.0,16.83,-70.98,0.19,-99.67,227.5,-5.172413793103448
2011-08-09,TD Power System,227.0,6.52,0.32,0.36,256.0,251.6,274.8,7.34,385.0,50.39,227.0,-1.7187500000000022
2011-05-09,Brooks Labs,63.0,0.0,2.82,3.36,100.0,110.0,50.2,-49.8,88.65,-11.35,63.0,10.0
2011-08-26,Tree House,112.06,1.02,1.68,2.76,135.0,132.8,116.55,-13.67,10.34,-92.34,112.06,-1.629629629629621
2011-12-08,L&T Finance,1245.0,1.93,6.18,9.61,52.0,53.85,46.46,-10.65,71.25,37.02,1245.0,3.55769230769231
2011-04-08,Inventure Grow,81.9,0.25,9.49,8.66,117.0,119.0,5.2,-95.56,4.15,-96.45,81.9,1.7094017094017095
2011-07-28,Bharatiya Glob,55.1,0.0,1.94,5.06,82.0,84.0,30.95,-62.26,5.2,-93.66,55.1,2.4390243902439024
2011-07-13,Kridhan Infra,34.75,0.03,1.37,4.18,108.0,115.0,13.29,-87.69,5.86,-94.57,34.75,6.481481481481481
2011-07-07,Rushil Decor,40.64,0.23,1.35,6.57,72.0,81.25,104.49,45.12,404.9,462.36,40.64,12.847222222222221
2011-07-07,Birla Pacific,65.18,1.04,0.17,1.82,10.0,10.1,25.35,153.5,0.28,-97.2,65.18,0.9999999999999963
2011-06-22,Timbor Home,23.25,0.65,3.22,14.22,63.0,72.0,91.2,44.76,2.21,-96.49,23.25,14.285714285714285
2011-06-14,VMS Industries,25.75,0.0,1.11,3.41,40.0,43.95,28.5,-28.75,15.0,-62.5,25.75,9.875000000000007
2011-05-27,Dr Datson Labs,120.0,0.14,2.65,1.84,234.0,218.0,311.25,33.01,6.29,-97.31,120.0,-6.837606837606838
2011-05-23,Sanghvi Forging,36.9,0.0,1.82,2.93,85.0,88.0,111.75,31.47,16.5,-80.59,36.9,3.5294117647058822
2011-05-13,Innoventive Ind,219.58,0.85,1.94,1.48,117.0,110.0,93.6,-20.0,4.2,-96.41,219.58,-5.982905982905983
2011-12-05,Servalakshmi,60.0,0.34,4.21,1.9,29.0,30.0,19.0,-34.48,1.33,-95.41,60.0,3.4482758620689653
2011-10-05,Future Consumer,750.0,0.26,7.81,0.61,10.0,9.5,8.3,-17.0,6.98,-30.2,750.0,-5.0
2011-09-05,Paramount Print,45.83,0.33,3.28,9.31,35.0,35.0,26.65,-23.86,0.82,-97.66,45.83,0.0
2011-06-05,Muthoot Finance,901.25,25.01,60.94,8.5,175.0,176.45,176.25,0.71,1327.1,658.34,901.25,0.8285714285714221
2011-08-04,Shilpi Cable,55.88,1.04,6.39,5.74,69.0,78.35,23.8,-65.51,1.1,-98.41,55.88,13.550724637681153
2011-03-30,PTC India Fin,438.76,2.85,0.22,1.18,28.0,28.0,24.9,-11.07,17.6,-37.14,438.76,0.0
2011-03-24,Lovable Lingeri,93.28,21.87,99.87,20.84,205.0,261.5,249.2,21.56,143.3,-30.1,93.28,27.5609756097561
2011-11-03,Sudar Ind,69.98,0.17,4.47,2.27,77.0,74.0,113.1,46.88,1.02,-98.68,69.98,-3.896103896103896
2011-11-03,Fineotex Chem,30.32,0.0,0.22,4.38,70.0,80.0,14.09,-79.87,167.6,139.43,30.32,14.285714285714285
2011-10-03,Acropetal Tech,170.0,1.12,2.0,1.21,90.0,130.0,98.45,9.39,1.67,-98.14,170.0,44.44444444444444
2011-10-02,Omkar Special,79.38,0.82,5.27,9.9,98.0,95.0,46.2,-52.86,31.75,-67.6,79.38,-3.061224489795918
2011-01-20,C Mahendra Expo,165.0,1.02,3.92,4.82,110.0,111.0,55.43,-49.61,1.79,-98.37,165.0,0.9090909090909091
2010-12-30,Punjab & Sind,480.0,49.8,22.91,8.38,120.0,146.1,127.05,5.87,16.35,-86.38,480.0,21.749999999999993
2010-12-23,A2Z Infra Eng,675.0,0.7,4.25,0.33,400.0,390.0,328.9,-17.78,9.67,-97.58,675.0,-2.5
2010-12-20,Claris Life,300.0,1.31,2.03,1.6,228.0,224.4,205.85,-9.71,396.55,73.93,300.0,-1.5789473684210502
2010-12-15,MOIL,1260.0,0.0,0.0,0.0,375.0,551.0,233.25,-37.8,176.2,-53.01,1260.0,46.93333333333333
2010-06-12,RPP Infra Proj,48.75,0.16,7.27,5.6,75.0,75.0,52.0,-30.67,51.7,-31.07,48.75,0.0
2010-11-16,Gravita India,45.0,6.04,182.52,37.34,125.0,218.75,42.08,-66.34,371.4,197.12,45.0,75.0
2010-04-11,Coal India,15475.0,24.7,25.4,2.31,245.0,300.0,342.35,39.73,167.25,-31.73,15475.0,22.448979591836736
2010-10-27,Prestige Estate,1200.0,4.32,0.24,0.08,183.0,190.0,192.55,5.22,446.0,143.72,1200.0,3.825136612021858
2010-10-27,BS Limited,197.36,0.52,3.16,1.04,248.0,251.0,18.93,-92.37,0.33,-99.87,197.36,1.2096774193548387
2010-10-27,Gyscoal Alloys,54.67,1.54,33.44,8.0,71.0,76.6,8.16,-88.51,4.51,-93.65,54.67,7.887323943661964
2010-10-20,Oberoi Realty,1028.61,22.15,3.61,0.94,260.0,280.0,282.95,8.83,892.6,243.31,1028.61,7.6923076923076925
2010-10-18,Commercial Eng,172.41,3.68,0.34,0.38,127.0,122.8,112.25,-11.61,42.6,-66.46,172.41,-3.3070866141732305
2010-10-14,Sea TV Network,50.2,1.66,40.94,7.45,100.0,120.0,106.0,6.0,5.25,-94.75,50.2,20.0
2010-10-14,Ashoka Buildcon,225.0,25.52,13.91,3.46,324.0,333.55,73.33,-77.37,96.7,-70.15,225.0,2.9475308641975344
2010-10-14,Bedmutha Ind,91.8,0.67,29.19,8.51,102.0,114.4,180.8,77.25,75.95,-25.54,91.8,12.156862745098044
2010-10-13,Va Tech Wabag,472.6,36.13,100.98,8.55,1310.0,1655.0,341.88,-73.9,318.5,-75.69,472.6,26.33587786259542
2010-12-10,Cantabil Retail,105.0,1.71,3.83,2.63,135.0,133.8,104.75,-22.41,909.35,573.59,105.0,-0.8888888888888804
2010-12-10,Tecpro Systems,268.03,27.99,62.48,9.07,355.0,399.4,407.85,14.89,4.53,-98.72,268.03,12.507042253521119
2010-08-10,Electrosteel St,0.0,5.86,28.58,6.19,11.0,11.15,11.25,2.27,31.05,182.27,0.0,1.3636363636363669
2010-08-10,Orient Green,900.0,2.09,0.64,0.18,47.0,45.7,44.9,-4.47,13.35,-71.6,900.0,-2.7659574468085046
2010-08-10,Ramky Infra,530.0,4.52,1.45,0.99,450.0,450.0,387.35,-13.92,220.15,-51.08,530.0,0.0
2010-06-10,Career Point,115.0,47.45,101.93,31.74,310.0,461.0,632.35,103.98,117.05,-62.24,115.0,48.70967741935484
2010-06-10,Eros Intl,350.0,25.79,73.4,11.95,175.0,213.55,190.05,8.6,27.4,-84.34,350.0,22.028571428571436
2010-05-10,Sasta Sundar,147.5,5.91,35.88,11.04,118.0,135.1,110.9,-6.02,407.0,244.92,147.5,14.49152542372881
2010-01-10,Tirupati Inks,51.5,1.78,23.18,12.59,43.0,53.95,36.65,-14.77,1.59,-96.3,51.5,25.465116279069772
2010-09-29,Indosolar,357.0,1.44,1.3,1.81,29.0,29.75,23.7,-18.28,4.21,-85.48,357.0,2.586206896551724
2010-09-09,Gujarat Pipavav,500.0,13.2,85.7,9.15,46.0,56.25,54.05,17.5,92.5,101.09,500.0,22.282608695652172
2010-08-25,Prakash Steelag,68.75,1.27,10.91,6.62,110.0,118.55,18.8,-82.91,6.31,-94.26,68.75,7.77272727272727
2010-08-18,Bajaj Consumer ,297.0,20.19,53.49,6.62,660.0,730.0,151.65,-77.02,172.75,-73.83,297.0,10.606060606060606
2010-08-16,Bharat Fin,1653.97,20.38,18.26,2.81,985.0,1036.0,1088.58,10.52,898.2,-8.81,1653.97,5.177664974619289
2010-07-28,Shri Aster,53.1,0.01,12.46,7.41,118.0,127.7,199.1,68.73,1.28,-98.92,53.1,8.22033898305085
2010-07-21,Hindustan Media,270.0,8.98,3.39,1.0,166.0,177.95,189.2,13.98,69.25,-58.28,270.0,7.198795180722885
2010-07-16,Technofab Engg,71.76,4.28,48.85,10.03,240.0,265.0,295.65,23.19,6.85,-97.15,71.76,10.416666666666668
2010-01-07,Parabolic Drugs,200.0,1.48,1.2,0.4,75.0,76.0,64.8,-13.6,5.7,-92.4,200.0,1.3333333333333335
2010-05-21,Jaypee Infra,1650.0,1.77,1.15,0.61,102.0,98.0,91.3,-10.49,3.4,-96.67,1650.0,-3.9215686274509802
2010-05-20,SJVN,1079.0,9.03,3.39,3.12,26.0,27.1,25.05,-3.65,30.3,16.54,1079.0,4.230769230769236
2010-05-19,GB Global,107.9,7.97,10.52,2.81,130.0,131.0,133.65,2.81,9.8,-92.46,107.9,0.7692307692307693
2010-05-18,Tarapur Trans,63.75,0.03,5.08,2.74,75.0,75.0,56.9,-24.13,4.99,-93.35,63.75,0.0
2010-05-13,NEL HOLDINGS SO,405.0,2.54,0.22,0.16,54.0,50.0,50.95,-5.65,4.09,-92.43,405.0,-7.4074074074074066
2010-10-05,Talwalkars Fitn,77.44,35.43,51.48,8.43,128.0,138.0,162.6,27.03,1.45,-98.87,77.44,7.8125
2010-04-16,Goenka Diamond,145.0,0.78,2.99,0.66,135.0,130.0,12.79,-90.53,3.17,-97.65,145.0,-3.7037037037037033
2010-12-04,Intrasoft Tech,53.65,21.97,21.6,13.51,145.0,140.0,159.35,9.9,214.15,47.69,53.65,-3.4482758620689653
2010-09-04,Shree Ganesh,385.29,1.38,6.13,1.39,260.0,258.85,163.25,-37.21,0.82,-99.68,385.29,-0.4423076923076835
2010-06-04,Persistent,168.01,144.43,107.73,21.69,310.0,400.0,204.0,-34.19,3858.3,1144.61,168.01,29.03225806451613
2010-05-04,Pradip Overseas,116.6,8.57,45.35,10.53,110.0,120.0,89.29,-18.83,1.14,-98.96,116.6,9.090909090909092
2010-03-30,ILandFS Trans,700.0,52.61,39.39,4.56,258.0,287.0,253.68,-1.67,5.17,-98.0,700.0,11.24031007751938
2010-03-29,DQ Entertain,128.38,93.86,272.88,19.45,80.0,135.0,108.55,35.69,1.03,-98.71,128.38,68.75
2010-03-18,United Bank,330.0,47.08,39.15,9.8,66.0,77.0,68.8,4.24,4.48,-93.21,330.0,16.666666666666664
2010-11-03,Man Infra,142.0,96.06,104.57,10.26,252.0,335.0,46.43,-81.58,112.05,-55.54,142.0,32.93650793650794
2010-10-03,Texmo Pipes,45.0,1.02,30.5,7.26,90.0,92.8,137.25,52.5,78.8,-12.44,45.0,3.111111111111108
2010-03-03,ARSS Infra,103.0,49.34,124.53,18.55,450.0,640.0,736.3,63.62,31.95,-92.9,103.0,42.22222222222222
2010-02-25,Hathway Cable,735.4,1.43,4.29,0.28,240.0,246.0,41.56,-82.68,19.6,-91.83,735.4,2.5
2010-02-24,DB Realty,1500.0,1.35,1.21,0.01,468.0,452.1,455.4,-2.69,107.6,-77.01,1500.0,-3.3974358974358925
2010-02-24,Emmbi Ind,43.08,0.43,5.55,0.46,45.0,46.0,28.65,-36.33,101.45,125.44,43.08,2.2222222222222223
2010-02-23,Aqua Logistics,150.0,0.26,5.07,3.0,220.0,225.0,24.46,-88.88,1.4,-99.36,150.0,2.272727272727273
2010-02-19,Thangamayil,0.0,0.52,1.52,2.26,75.0,70.0,71.1,-5.2,1115.0,1386.67,0.0,-6.666666666666667
2010-02-15,Syncom Health,56.25,0.99,16.6,6.25,75.0,88.0,87.85,17.13,4.06,-94.59,56.25,17.333333333333336
2010-02-15,Vascon Engineer,199.8,1.12,3.65,0.62,165.0,155.9,146.38,-11.28,26.5,-83.94,199.8,-5.515151515151512
2010-08-02,Jubilant Food,328.7,59.39,51.95,3.79,145.0,160.0,114.5,-21.03,2997.15,1967.0,328.7,10.344827586206897
2010-03-02,Infinite Comp,189.8,48.44,106.02,11.08,165.0,178.35,184.51,11.82,473.75,187.12,189.8,8.090909090909088
